,ceiledcpu,ceiledmemory,count,job_size,lambda,load
0,0.001,0.006,3909590,79.13368182971847,1.4593979685554779,2.0787756211189197
1,0.002,0.002,15843234,247.76545985472154,5.914068614598737,26.37543473835177
2,0.002,0.003,4564673,547.7454427456644,1.7039317430523504,16.799775246118823
3,0.002,0.006,8924386,113.98043891930851,3.3313546430712546,6.834766759436482
4,0.003,0.002,3251734,539.4167285622535,1.2138290700259562,11.785674707768948
5,0.003,0.006,6231739,272.0899973466036,2.326225317019929,11.39296752603998
6,0.004,0.006,4669357,403.9517181818715,1.7430088884666424,12.673645835442734
7,0.005,0.006,3669487,411.55681433450394,1.369770710852221,10.147292462286881
8,0.007,0.006,13676162,116.91577496031474,5.105129448467901,10.743662983326276
9,0.016,0.012,4169055,1248.0869304231892,1.5562528034387384,34.96209811931408
